node_id,message_transmitter_id,message_id,timestamp_bit,timestamp_seconds
1,0,0,255594147178,4.000058643485827
1,1,0,256347349504,4.011846290064103
1,0,1,257095773806,4.023559160375351
1,1,1,258195629056,4.040771939102564
1,0,2,258940412789,4.052427834363106
1,1,2,259692400128,4.064196466346154
1,0,3,260789355110,4.081363855762971
1,1,3,261540750848,4.093123229166666
1,0,4,262976168816,4.115587577874599
1,1,4,263730304512,4.12738983173077
1,0,5,264824990820,4.144521716308594
1,1,5,265578978816,4.156321658653846
1,0,6,266674365776,4.1734645084635416
1,1,6,267427207168,4.185246506410256
1,0,7,268181121081,4.197045289353591
1,1,7,268935001600,4.208843549679488
1,0,8,269687763227,4.2206242993007566
1,1,8,270437556736,4.23235859775641
1,0,9,271188855844,4.244116458896735
1,1,9,272286501376,4.261294655448718
1,0,10,274066775832,4.289156022010216
1,1,10,275509275136,4.311731193910257
1,0,11,276259442689,4.323471346169496
1,1,11,277012072960,4.3352500400641025
1,0,12,277765594865,4.347042688066532
1,1,12,279212572672,4.3696879487179485
1,0,13,279963979198,4.381447490954277
1,1,13,280715045888,4.39320171474359
1,0,14,281465080007,4.4049397787553835
1,1,14,282558913024,4.422058309294872
1,0,15,283309458396,4.4338043744365985
1,1,15,284061760000,4.445577924679487
1,0,16,284810639583,4.457297920156626
1,1,16,285564153344,4.469090440705128
1,0,17,286312196075,4.480797339414939
1,1,17,287066583552,4.492603533653846
1,0,18,288156722414,4.509664250519582
1,1,18,289602158592,4.532285384615385
1,0,19,290349778404,4.543985664625901
1,1,19,291450776064,4.561216322115385
1,0,20,292199841985,4.572939233789689
1,1,20,292953213440,4.5847295272435895
1,0,21,294049086909,4.6018799909386265
1,1,21,294801850880,4.61366077724359
1,0,22,295555247266,4.62545146086864
1,1,22,296309345280,4.637253125
1,0,23,297056206772,4.648941537272136
1,1,23,297806398464,4.660682067307692
1,0,24,298557443758,4.672435956248748
1,1,24,299309264896,4.684201987179487
1,0,25,300396699612,4.701220384051983
1,1,25,301147478528,4.712970104166667
1,0,26,301897991902,4.724715668538412
1,1,26,303342906880,4.747328645833333
1,0,27,304777053655,4.769773100319887
1,1,27,305526896640,4.781508173076923
1,0,28,306278138586,4.793265139629658
1,1,28,307029466624,4.805023453525641
1,0,29,307779467236,4.816760993151543
1,1,29,308878144512,4.8339553365384615
1,0,30,309629168846,4.845708897454678
1,1,30,310380441088,4.857466338141026
1,0,31,311130247129,4.869200832722982
1,1,31,311882946048,4.880980600961538
1,0,32,312974737121,4.898067174995618
1,1,32,313726689792,4.909835264423077
1,0,33,314470645264,4.9214781973657855
1,1,33,315223837696,4.933265689102564
1,0,34,316315519761,4.950350557157076
1,1,34,317413916160,4.967540504807692
1,0,35,318160512538,4.979224768035106
1,1,35,318911296000,4.990974559294872
1,0,36,319661895453,5.002721470806415
1,1,36,320408674304,5.0144085897435895
1,0,37,321152364645,5.026047373375526
1,1,37,322251997184,5.043256666666667
1,0,38,323002803524,5.055006815968049
1,1,38,323754724352,5.066774407051282
1,0,39,324503970892,5.078500145420173
1,1,39,325252051456,5.090207636217949
1,0,40,326005606742,5.102000806634365
1,1,40,327793855488,5.129986971153846
1,0,41,328885099586,5.147064985007262
1,1,41,329978411520,5.164175360576923
1,0,42,331067152236,5.181214196401743
1,1,42,331821854208,5.1930253125000005
1,0,43,332569113199,5.204719945647411
1,1,43,333313924608,5.216376274038462
1,0,44,334059627968,5.228046561498398
1,1,44,334806004736,5.239727387820513
1,0,45,335555310815,5.2514540579771385
1,1,45,336303388672,5.263161506410256
1,0,46,337056946153,5.274954711178511
1,1,46,338152457216,5.292099503205129
1,0,47,338906477774,5.303899955146985
1,1,47,340352949248,5.326537291666667
1,0,48,341443037122,5.343597210568159
1,1,48,342196073984,5.3553822676282055
1,0,49,343288520892,5.372479105506311
1,1,49,344038807040,5.3842211137820515
1,0,50,344784981471,5.395898773522011
1,1,50,345535650816,5.407646778846154
1,0,51,346624433910,5.424686277888371
1,1,51,347373694976,5.436412243589744
1,0,52,348121090600,5.448109015049079
1,1,52,348870872064,5.459843125
1,0,53,349617685829,5.4715307903426735
1,1,53,350367828480,5.4832705528846155
1,0,54,351457904236,5.500330282138923
1,1,54,352557392896,5.517537323717949
1,0,55,353651464018,5.534659580610226
1,1,55,354406540288,5.54647655448718
1,0,56,355496924253,5.563541107224685
1,1,56,356249664512,5.575321522435898
1,0,57,356993601919,5.5869641726606325
1,1,57,357746796032,5.598751690705129
1,0,58,358839471244,5.61585210154998
1,1,58,359589594112,5.6275915544871795
1,0,59,360336196526,5.639275912178236
1,1,59,361086412800,5.651016826923077
1,0,60,361832689873,5.662696093014448
1,1,60,363275886080,5.685282171474359
1,0,61,365394380770,5.718436698248448
1,1,61,366493452288,5.735637211538462
1,0,62,367239803613,5.7473176396766075
1,1,62,368337147904,5.7644911217948716
1,0,63,369084914664,5.776193701547476
1,1,63,369834595840,5.787926241987179
1,0,64,370581918466,5.79962187102489
1,1,64,371332166144,5.81136327724359
1,0,65,372083494934,5.823121602908404
1,1,65,372834943488,5.834881802884616
1,0,66,373923336495,5.851915197049655
1,1,66,374673292288,5.86365203525641
1,0,67,376449604700,5.891451395670573
1,1,67,377203761664,5.903253982371795
1,0,68,378294797151,5.920328731454703
1,1,68,379047348736,5.932106193910257
1,0,69,379792109694,5.943761732741136
1,1,69,380539140096,5.955452788461539
1,0,70,381626971586,5.972477394863031
1,1,70,382371620352,5.984131177884615
1,0,71,383118450953,5.995819106711363
1,1,71,383863661056,6.007481674679488
1,0,72,384609698388,6.019157188814604
1,1,72,385355811328,6.030833886217949
1,0,73,386100761495,6.042492386177258
1,1,73,387194024448,6.059601995192308
1,0,74,387945495191,6.071362542427258
1,1,74,389388912640,6.093952083333334
1,0,75,390818908589,6.1163315772266875
1,1,75,391919108608,6.1335497516025645
1,0,76,392663596206,6.145201012338492
1,1,76,393762268672,6.1623952804487185
1,0,77,394514143645,6.174162153899364
1,1,77,395264987136,6.185912884615385
1,0,78,396010426046,6.197579033422226
1,1,78,396762068992,6.209342275641026
1,0,79,397511792069,6.221075471833058
1,1,79,398264888832,6.232861466346154
1,0,80,399013204678,6.244572639316657
1,1,80,400806444544,6.272636915064103
1,0,81,401555001244,6.284351857409355
1,1,81,402655158272,6.301569358974359
1,0,82,403400184990,6.313229056959886
1,1,82,404493200384,6.330334791666667
1,0,83,405239858635,6.34202002320901
1,1,83,405984866816,6.353679431089744
1,0,84,406730408715,6.365347191678561
1,1,84,407476832256,6.37702875
1,0,85,408226514995,6.388761314900717
1,1,85,408979043328,6.400538413461539
1,0,86,409722820439,6.4121785550474515
1,1,86,410821972992,6.429380336538462
1,0,87,411567501412,6.441047886180389
1,1,87,412318900736,6.452807315705129
1,0,88,413064137087,6.464470294455504
1,1,88,414161899520,6.481650320512821
1,0,89,414914041457,6.493421371960762
1,1,89,415664109568,6.505159967948718
1,0,90,416415552889,6.5169200860282706
1,1,90,417166510080,6.5286725961538465
1,0,91,417916992124,6.540417670209836
1,1,91,418669095936,6.552188125
1,0,92,419761334153,6.569281696855594
1,1,92,420512509440,6.5810376201923075
1,0,93,421262977664,6.592782477964744
1,1,93,422014993920,6.6045515625
1,0,94,422764219280,6.616276969401042
1,1,94,423512377856,6.6279856810897435
1,0,95,425294903957,6.655882285985703
1,1,95,426047087616,6.667653990384616
1,0,96,427133907908,6.684662771496895
1,1,96,428230360576,6.701822299679487
1,0,97,428978844860,6.7135361087114385
1,1,97,429732694016,6.725333878205128
1,0,98,430480352187,6.737034758535532
1,1,98,431234738176,6.74884092948718
1,0,99,432325251782,6.7659075111115285
1,1,99,433077328384,6.7776775400641025
1,0,100,433821277671,6.789320376211314
1,1,100,434574032896,6.801101025641026
1,0,101,435322821859,6.812819602911533
1,1,101,436076547072,6.824615432692308
1,0,102,437167631851,6.8416909531969905
1,1,102,438953078272,6.869633261217949
1,0,103,439699297009,6.881311614348583
1,1,103,440796209664,6.898478341346154
1,0,104,441544079858,6.910182539845002
1,1,104,442639795200,6.927330528846154
1,0,105,443383699218,6.938972656531701
1,1,105,444136651264,6.950756386217949
1,0,106,444885704215,6.962479094911233
1,1,106,445638778880,6.974264743589743
1,0,107,446387508505,6.985982392218174
1,1,107,447140793856,6.997771338141026
1,0,108,448575608347,7.020226242409731
1,1,108,450367941120,7.048276322115385
1,0,109,451112952057,7.05993577312763
1,1,109,452210567168,7.077113493589744
1,0,110,452963330532,7.088894270395133
1,1,110,453713008640,7.100626762820513
1,0,111,454459153673,7.112303962480595
1,1,111,455209808384,7.124051738782051
1,0,112,455955626539,7.135723822788337
1,1,112,457052531200,7.152890424679487
1,0,113,457800544559,7.164596863716321
1,1,113,458554592768,7.176397748397436
1,0,114,459302818862,7.188107516745543
1,1,114,460056934400,7.199909455128205
1,0,115,461148792106,7.216997071971404
1,1,115,462245628416,7.2341626041666665
1,0,116,463337392686,7.251248758732722
1,1,116,464434853888,7.268424070512821
1,0,117,465526027562,7.2855009822278145
1,1,117,466969869824,7.308097171474359
1,0,118,467714774581,7.31975496076535
1,1,118,468467027968,7.331527756410257
1,0,119,469211950932,7.343185830641526
1,1,119,469964252672,7.354959383012821
1,0,120,470713897032,7.366691347280649
1,1,120,471466662400,7.378472155448718
1,0,121,472553765741,7.395485366289188
1,1,121,473303642624,7.4072209695512825
1,0,122,474049879696,7.4188996096254005
1,1,122,474800532992,7.430647363782051
1,0,123,476232822193,7.453062747161083
1,1,123,477676860416,7.475662003205128
1,0,124,478764475069,7.492683216098883
1,1,124,479514044928,7.5044140144230775
1,0,125,480261017049,7.516104158043495
1,1,125,481357055488,7.5332572035256415
1,0,126,482105727196,7.5449739457507015
1,1,126,482858627584,7.55675686698718
1,0,127,483607282661,7.568473348936424
1,1,127,484360345088,7.580258806089744
1,0,128,485109163234,7.591977840075371
1,1,128,485862208000,7.603763020833334
1,0,129,486611208678,7.615484911452073
1,1,129,488748445184,7.648932748397436
1,0,130,489840083625,7.666016933734601
1,1,130,490591274496,7.677773100961539
1,0,131,491336423377,7.68943471080291
1,1,131,492087838208,7.701194383012821
1,0,132,492833099500,7.712857752090845
1,1,132,493930302464,7.730029022435898
1,0,133,494677903338,7.741729006065956
1,1,133,495431569408,7.75352391025641
1,0,134,496179921135,7.765235644766001
1,1,134,496933128192,7.777023365384616
1,0,135,497681678320,7.788738204877805
1,1,135,498435386368,7.800533766025641
1,0,136,499526516468,7.81760999580579
1,1,136,500970633728,7.840210488782051
1,0,137,502400590335,7.862589366971529
1,1,137,503499780608,7.8797917387820515
1,0,138,504588867332,7.8968359896459335
1,1,138,505342747136,7.908634238782051
1,0,139,506095963112,7.920422098983374
1,1,139,506850513920,7.932230849358975
1,0,140,507597639906,7.943923400972807
1,1,140,508693420544,7.961072411858974
1,0,141,509442441703,7.972794623006185
1,1,141,510195643392,7.984582259615385
1,0,142,510944351462,7.996299570907202
1,1,142,511697983488,8.008093942307692
1,0,143,512446570467,8.019809358520508
1,1,143,513200571904,8.03160951121795
1,0,144,514292025043,8.048690796571389
1,1,144,515043180544,8.06044641025641
1,0,145,516474922500,8.082853229229267
1,1,145,517226619904,8.09461732371795
1,0,146,517971310879,8.106271767312075
1,1,146,519069306880,8.12345544871795
1,0,147,519821683712,8.135230176282052
1,1,147,520570999296,8.146956995192308
1,0,148,521323171593,8.158728521775465
1,1,148,522073159168,8.170465857371795
1,0,149,522824395268,8.182222732434395
1,1,149,523575036928,8.19397030448718
1,0,150,524320459046,8.205636190498549
1,1,150,525417970176,8.222812283653846
1,0,151,526852042795,8.245255577596028
1,1,151,527952326144,8.262475056089745
1,0,152,528702348035,8.274212928732847
1,1,152,530145860096,8.296803950320513
1,0,153,530890148370,8.308452091627855
1,1,153,531642050560,8.320219391025642
1,0,154,532386726702,8.331873602482723
1,1,154,533138036736,8.343631634615384
1,0,155,533883262032,8.355294440354568
1,1,155,534633857536,8.367041290064103
1,0,156,535379788138,8.378715133870443
1,1,156,536475772928,8.39586733974359
1,0,157,537230007879,8.407671146944486
1,1,157,537982569472,8.419448766025642
1,0,158,539069566312,8.436460310121195
1,1,158,540165228032,8.453607459935897
1,0,159,541262484049,8.470779560562525
1,1,159,542358598144,8.487933790064103
1,0,160,543112270649,8.499728794962566
1,1,160,544211128320,8.516925961538462
1,0,161,544962262044,8.528681234412561
1,1,161,545712268800,8.540418870192308
1,0,162,546458283839,8.552094035441081
1,1,162,547207601152,8.563820881410257
1,0,163,547954500700,8.575509889260317
1,1,163,549054671360,8.592727604166667
1,0,164,549799489880,8.604384043845153
1,1,164,550550310400,8.616134415064103
1,0,165,551295991419,8.627804352886494
1,1,165,552392238592,8.644960665064103
1,0,166,553827267957,8.667418932119517
1,1,166,555272497664,8.690036834935897
1,0,167,556021336164,8.70175618746244
1,1,167,557811769856,8.729776546474358
1,0,168,559244396351,8.752197208518004
1,1,168,559994150400,8.763930889423078
1,0,169,560746084936,8.77569869503706
1,1,169,561495510528,8.787427235576923
1,0,170,562590570812,8.80456497289413
1,1,170,563342284800,8.816329326923077
1,0,171,564086727779,8.827979889369868
1,1,171,564838064128,8.839738333333333
1,0,172,565588533090,8.8514832026555
1,1,172,566685832192,8.868655977564103
1,0,173,567777041509,8.885733447093475
1,1,173,568874127360,8.902902884615385
1,0,174,569970115899,8.920055149160532
1,1,174,571067651584,8.937231626602564
1,0,175,572158259783,8.954299688611153
1,1,175,573255969792,8.971478894230769
1,0,176,574002661697,8.98316465245956
1,1,176,574752554496,8.994900504807692
1,0,177,575499242093,9.00658619561611
1,1,177,576249187328,9.018322868589744
1,0,178,577338644879,9.035372922911034
1,1,178,578091296256,9.047151947115385
1,0,179,578840282249,9.058873607913286
1,1,179,579593071616,9.070654791666668
1,0,180,580341774216,9.082372017352764
1,1,180,581786746880,9.104985897435897
1,0,181,582883806806,9.122154929230518
1,1,181,583981227008,9.139329599358975
1,0,182,584728979278,9.151031952342498
1,1,182,585483406336,9.162838766025642
1,0,183,586574167126,9.179909216089493
1,1,183,587325690368,9.191670584935897
1,0,184,588075766608,9.20340930814303
1,1,184,588827459072,9.215173325320514
1,0,185,589577031770,9.22690416807517
1,1,185,590329457152,9.238679655448719
1,0,186,591083603759,9.250482080062476
1,1,186,592183110656,9.267689407051282
1,0,187,592933533720,9.27943355806791
1,1,187,594030922240,9.296607732371795
1,0,188,595122211094,9.313686446658403
1,1,188,595873331712,9.325441514423078
1,0,189,596618563643,9.337104424000275
1,1,189,597369999872,9.348864431089744
1,0,190,598114741593,9.360519668860803
1,1,190,598866485760,9.372284495192307
1,0,191,599615708261,9.384009857349884
1,1,191,600368696832,9.395794158653846
1,0,192,601460683620,9.412883795635517
1,1,192,602210487808,9.42461826121795
1,0,193,602956838025,9.43629867201585
1,1,193,603706570240,9.448032011217949
1,0,194,604458570116,9.459800839405549
1,1,194,606246605824,9.487783669871796
1,0,195,606995217515,9.4994994728284
1,1,195,608095117312,9.516712948717949
1,0,196,608845781316,9.528460870455229
1,1,196,609943460864,9.545639599358974
1,0,197,610690740802,9.557334560327774
1,1,197,611445467136,9.569146057692308
1,0,198,612193196859,9.580848057814379
1,1,198,612947868672,9.592658701923078
1,0,199,613695095369,9.604352829668095
1,1,199,614450087424,9.616168485576923
1,0,200,615197671230,9.627868202092097
1,1,200,615952506880,9.63968141025641
1,0,201,617043470904,9.656755040940505
1,1,201,618141152256,9.673933798076924
1,0,202,619231663934,9.691000349527995
1,1,202,619983898624,9.702772852564102
1,0,203,621071056992,9.719786924579328
1,1,203,621821641216,9.73153359775641
1,0,204,622567677313,9.743209092563728
1,1,204,623318524928,9.754959887820513
1,0,205,624407254695,9.771998552293045
1,1,205,625161523200,9.783802884615385
1,0,206,625909137315,9.795503075467623
1,1,206,626663215104,9.807304423076923
1,0,207,627411385510,9.819013319905599
1,1,207,628165576192,9.830816434294873
1,0,208,629261656458,9.847970134371245
1,1,208,631744158720,9.88682139423077
1,0,209,632491291201,9.898514047491611
1,1,209,633245548544,9.910318205128206
1,0,210,633993972028,9.922031062637721
1,1,210,634747108864,9.933817684294873
1,0,211,635833852007,9.950825258022212
1,1,211,636584445440,9.962572075320512
1,0,212,637330145151,9.974242305673453
1,1,212,638081155584,9.985995649038461
1,0,213,638831941769,9.997745482913286
1,1,213,639583628800,10.009509415064104
1,0,214,640328194471,10.021161897645609
1,1,214,641080310784,10.032932548076923
1,0,215,642172711087,10.050028656584912
1,1,215,643614437376,10.072591730769231
1,0,216,644704672685,10.08965395703438
1,1,216,645457013248,10.10142811698718
1,0,217,646200925389,10.113070371798003
1,1,217,646953446400,10.124847355769232
1,0,218,648045716944,10.14194143354367
1,1,218,648795894784,10.153681746794872
1,0,219,649542081773,10.165359603068033
1,1,219,650292722688,10.177107163461539
1,0,220,651043533816,10.188857387695313
1,1,220,651794811392,10.200614911858974
1,0,221,652539916057,10.212275829718175
1,1,221,653291521536,10.224038485576923
1,0,222,654384268826,10.241140024445363
1,1,222,655480233984,10.258291923076923
1,0,223,656228976417,10.270009772151067
1,1,223,657328035840,10.287210096153846
1,0,224,658073763366,10.29888076181265
1,1,224,658824419840,10.310628565705128
1,0,225,659575652130,10.322385381141077
1,1,225,660672245248,10.339547107371795
1,0,226,661420484139,10.351257075993464
1,1,226,662173776384,10.363046129807692
1,0,227,662927055637,10.3748349802966
1,1,227,663681536000,10.386642628205129
1,0,228,664428661261,10.398335168472682
1,1,228,665183537664,10.410149014423077
1,0,229,666617514774,10.432590813645584
1,1,229,667713117184,10.44973703525641
1,0,230,668800601651,10.466756210734049
1,1,230,669554965504,10.478562035256411
1,0,231,670307950858,10.490346286214193
1,1,231,671062404608,10.502153517628205
1,0,232,671809973785,10.513853005198943
1,1,232,672564465152,10.525660825320513
1,0,233,673312667925,10.537370228694035
1,1,233,674412534784,10.554583189102564
1,0,234,675158010380,10.566249912046775
1,1,234,675909268480,10.578007131410256
1,0,235,676654442292,10.589669131422777
1,1,235,677751358464,10.60683591346154
1,0,236,678500016696,10.618552444786658
1,1,236,679598726144,10.635747291666666
1,0,237,680345724712,10.647437849183694
1,1,237,681100204032,10.659245480769231
1,0,238,681847794222,10.670945297194262
1,1,238,682601789440,10.682745352564103
1,0,239,683693196069,10.69982591003418
1,1,239,684443481600,10.711567908653846
1,0,240,685189839939,10.723248446561373
1,1,240,685939341824,10.734978181089744
1,0,241,686686259565,10.746667473660983
1,1,241,687441089536,10.758480592948718
1,0,242,688193555024,10.770256707982773
1,1,242,689289561600,10.787409254807693
1,0,243,690376348533,10.804417513850286
1,1,243,691819168768,10.826997708333334
1,0,244,692569824853,10.838745506137945
1,1,244,693321051136,10.850502227564103
1,0,245,694066122106,10.862162618095203
1,1,245,694817238016,10.873917612179488
1,0,246,695567435892,10.885658238994893
1,1,246,696318744576,10.897416250000001
1,0,247,697411796863,10.91452256208371
1,1,247,698161164800,10.926250200320514
1,0,248,698913064073,10.938017454067133
1,1,248,699662865408,10.949751875
1,0,249,700409159082,10.961431400897686
1,1,249,701851961344,10.984011314102565
1,0,250,703288735875,11.006496893075797
1,1,250,704382557696,11.023615248397435
1,0,251,705133441936,11.035366616836939
1,1,251,705884998144,11.047128501602565
1,0,252,706634878615,11.058864161017002
1,1,252,707387408384,11.070641282051282
1,0,253,708141574517,11.082444012247722
1,1,253,709242002944,11.099665761217949
1,0,254,709990712419,11.111383094498072
1,1,254,710744498176,11.123179871794871
1,0,255,711497104187,11.134958186019507
1,1,255,712246560768,11.146687211538461
1,0,256,712993454696,11.158376131435297
1,1,256,714435843072,11.180949567307692
1,0,257,715525100905,11.19799649603428
1,1,257,716279225344,11.209798573717949
1,0,258,717026943082,11.22150038627429
1,1,258,717781798912,11.233313910256411
1,0,259,718871860076,11.250373411145333
1,1,259,719624882176,11.262158237179488
1,0,260,720373907050,11.273880506466597
1,1,260,721126920704,11.285665200320514
1,0,261,721875420525,11.297379252507136
1,1,261,722628817408,11.309169943910257
1,0,262,723382288973,11.320961804089668
1,1,262,724136365568,11.33276313301282
1,0,263,724888893232,11.344540221103767
1,1,263,726677986816,11.372539607371795
1,0,264,727424422434,11.384221354698768
1,1,264,728520968704,11.40138234775641
1,0,265,729269106467,11.413090733720828
1,1,265,730369398272,11.430310344551282
1,0,266,731118249992,11.442029903971354
1,1,266,731872107520,11.45382780448718
1,0,267,732624623861,11.465604715372722
1,1,267,733374546432,11.477341033653847
1,0,268,734120452118,11.489014487523788
1,1,268,734871646720,11.500770713141026
1,0,269,735616677175,11.512430469610752
1,1,269,736363077632,11.524111666666666
1,0,270,737112533085,11.535840674532377
1,1,270,738904585728,11.563886370192307
1,0,271,740682455333,11.591710100739308
1,1,271,741434678784,11.603482427884616
1,0,272,742183538224,11.615202108122997
1,1,272,742936579072,11.626987227564102
1,0,273,743684672820,11.638694924692008
1,1,273,744785059328,11.655916017628206
1,0,274,745534774299,11.667649086961013
1,1,274,746287768576,11.679433477564103
1,0,275,747036426004,11.69114999630659
1,1,275,747785003520,11.702865264423076
1,0,276,748537673238,11.714644575664813
1,1,276,749282276352,11.726297644230769
1,0,277,750033084218,11.738047817414113
1,1,277,751477186560,11.760648076923077
1,0,278,752569005092,11.777735080691606
1,1,278,753665681920,11.79489811698718
1,0,279,754760892180,11.812038201434795
1,1,279,759321318400,11.88340905448718
1,0,280,760759970103,11.905924011277419
1,1,280,761509776896,11.917658517628205
1,0,281,762603661379,11.934777853612655
1,1,281,763357660672,11.94657797275641
1,0,282,764109863207,11.95834997256548
1,1,282,765205993984,11.975504463141027
1,0,283,766301808666,11.992654006817158
1,1,283,767400259072,12.009844799679488
1,0,284,768489320222,12.026888650309244
1,1,284,769935993856,12.049529150641026
1,0,285,771029466089,12.066642034896459
1,1,285,772471834624,12.08921516025641
1,0,286,773559395565,12.106235532555214
1,1,286,775001857024,12.128810112179487
1,0,287,776432275453,12.151196217901768
1,1,287,777531819008,12.168404118589743
1,0,288,778624546013,12.185505339997121
1,1,288,779375306752,12.197254775641026
1,0,289,780120547340,12.208917820700622
1,1,289,780872428032,12.220684783653846
1,0,290,781959511332,12.237697680851863
1,1,290,782710097920,12.24944439102564
1,0,291,783798885963,12.266483967519907
1,1,291,784899462144,12.283708028846155
1,0,292,785986889545,12.300726311238607
1,1,292,787082932736,12.317879431089745
1,0,293,787831929419,12.329601259186575
1,1,293,788926318080,12.346728485576923
1,0,294,789676079430,12.35846228074294
1,1,294,790429091328,12.370246947115385
1,0,295,791177656914,12.381962028526893
1,1,295,791926508032,12.39368157852564
1,0,296,792678810448,12.405455141476363
1,1,296,793429299712,12.417200328525642
1,0,297,794518017133,12.434238799782777
1,1,297,795272982528,12.446054038461538
1,0,298,796363601772,12.46312227332482
1,1,298,797462531584,12.480320568910257
1,0,299,798208424041,12.491993815745818
1,1,299,799998494720,12.520008493589744
1,0,300,800745845067,12.531704556462214
1,1,300,802188477440,12.554281810897436
1,0,301,802935191607,12.56596791752742
1,1,301,803685087232,12.577703814102565
1,0,302,804431603557,12.589386824497321
1,1,302,805527962112,12.606544879807693
1,0,303,806276728931,12.618263110523714
1,1,303,807029989888,12.630051674679487
1,0,304,807779192667,12.641776728186974
1,1,304,808532236288,12.65356189102564
1,0,305,809972888640,12.676108158052886
1,1,305,810727379968,12.687915977564103
1,0,306,811823033623,12.705063001161234
1,1,306,812922468864,12.72226920673077
1,0,307,813672625671,12.734009190814678
1,1,307,814425027584,12.745784310897436
1,0,308,815168680731,12.757422512441781
1,1,308,815921617408,12.769206001602564
1,0,309,816670686757,12.780928966925206
1,1,309,817424060416,12.792719294871794
1,0,310,818172954393,12.804439515615611
1,1,310,819273028096,12.821655713141025
1,0,311,820023112186,12.833394559200972
1,1,311,820775377920,12.845167548076924
1,0,312,821518992157,12.85680514067821
1,1,312,822964869632,12.879433181089745
1,0,313,823712335875,12.891131057739258
1,1,313,824808127488,12.908280240384617
1,0,314,825552268052,12.91992607002454
1,1,314,826305062400,12.93170733173077
1,0,315,827396872216,12.94879419909355
1,1,315,828494283776,12.965968733974359
1,0,316,829247290605,12.977753321016753
1,1,316,830002427904,12.989571250000001
1,0,317,831097395150,13.00670753126878
1,1,317,831851157504,13.018503942307692
1,0,318,832598525135,13.030200275675456
1,1,318,833353663488,13.042018221153846
1,0,319,834104847794,13.053774285638271
1,1,319,835543389184,13.07628751602564
1,0,320,836297411733,13.088087999126728
1,1,320,837051783168,13.099893942307693
1,0,321,838147018617,13.117034420964169
1,1,321,839241596416,13.134164607371796
1,0,322,840329492628,13.151190226675181
1,1,322,841079944192,13.162934823717949
1,0,323,842174252944,13.180060799529247
1,1,323,842928805888,13.191869583333334
1,0,324,843681249392,13.203645354316908
1,1,324,844431733248,13.21539045673077
1,0,325,845177956229,13.227068876280173
1,1,325,845923832832,13.238741875
1,0,326,847017152674,13.255852374330178
1,1,326,847767226368,13.267591057692307
1,0,327,848518425511,13.279347354376377
1,1,327,849962675712,13.301949927884616
1,0,328,851054153867,13.31903160473946
1,1,328,852151755776,13.336209118589744
1,0,329,853241730945,13.35326727365347
1,1,329,853994109952,13.36504203525641
1,0,330,854737788581,13.376680635595077
1,1,330,855490349056,13.388458237179487
1,0,331,856244393353,13.400259060637646
1,1,331,856998214144,13.41205638621795
1,0,332,857745824384,13.423756516426282
1,1,332,858500637184,13.43556936698718
1,0,333,859247800195,13.447262498043745
1,1,333,860343391744,13.464408549679488
1,0,334,861092316277,13.476129248625927
1,1,334,862538503680,13.498762139423077
1,0,335,863290779453,13.51053528540978
1,1,335,864040610304,13.52227016826923
1,0,336,865130189915,13.53932213283441
1,1,336,865883479552,13.551111145833334
1,0,337,866636994874,13.562903690811549
1,1,337,867391331328,13.574709086538462
1,0,338,868139147831,13.586412444771009
1,1,338,868893906432,13.598224447115385
1,0,339,869641009458,13.609916639404297
1,1,339,870385549824,13.62156872596154
1,0,340,871474580599,13.63861210122133
1,1,340,872228555776,13.650411842948719
1,0,341,874010691931,13.678302345174155
1,1,341,875110699520,13.695517508012822
1,0,342,876203476025,13.71261950409718
1,1,342,876953860096,13.724363044871795
1,0,343,877704618799,13.73611244865222
1,1,343,878456580096,13.747880673076924
1,0,344,879205693497,13.75960432781513
1,1,344,879959303168,13.771398349358975
1,0,345,881055288604,13.788550565342048
1,1,345,881807921152,13.800329294871796
1,0,346,882561378298,13.812120929393279
1,1,346,883316104192,13.823932419871795
1,0,347,884067794132,13.835696397548578
1,1,347,885511628800,13.858292467948718
1,0,348,886265715606,13.87009395667443
1,1,348,887366431232,13.887320200320513
1,0,349,888110464652,13.898964353152545
1,1,349,888863454720,13.910748677884616
1,0,350,889960690031,13.927920454461514
1,1,350,890712215552,13.939681858974359
1,0,351,891457160318,13.951340274407803
1,1,351,892209494016,13.963114326923078
1,0,352,892963763556,13.97491867544321
1,1,352,893717419520,13.98671342147436
1,0,353,894465400926,13.998419360445464
1,1,353,895219948032,14.010228052884615
1,0,354,895972331837,14.022002889576449
1,1,354,897068488192,14.039157780448718
1,0,355,897816514109,14.050864416018756
1,1,355,899263720960,14.073513261217949
1,0,356,900353120023,14.090562400199694
1,1,356,901453214720,14.107778926282052
1,0,357,902203053039,14.119513926016001
1,1,357,902955322880,14.131286979166667
1,0,358,903704520937,14.143011958774665
1,1,358,904457564160,14.154797115384616
1,0,359,905206561259,14.166518949991863
1,1,359,905960220160,14.17831374198718
1,0,360,906713400002,14.190101036689954
1,1,360,907814767104,14.20733747596154
1,0,361,908563326885,14.219052466524564
1,1,361,910010208768,14.241696225961539
1,0,362,911099936904,14.258750514948918
1,1,362,911853688320,14.270546754807693
1,0,363,912945210238,14.28762911655524
1,1,363,913697058304,14.299395568910256
1,0,364,914446321789,14.311121572469077
1,1,364,915199802368,14.32291357371795
1,0,365,915952910168,14.334699740960538
1,1,365,916707939840,14.346515985576923
1,0,366,917459541045,14.358278574547402
1,1,366,918210429952,14.370030016025641
1,0,367,918955371350,14.38168837874975
1,1,367,920053943296,14.398881073717948
1,0,368,920800466007,14.410564184053861
1,1,368,921550921216,14.422308838141026
1,0,369,922987716947,14.444794748895108
1,1,369,924086518272,14.461991033653847
1,0,370,924837491760,14.473743798828126
1,1,370,925588467200,14.485496594551282
1,0,371,926681978669,14.502610092851688
1,1,371,927436893184,14.51442453525641
1,0,372,928188359703,14.526185016385593
1,1,372,928939002880,14.537932612179487
1,0,373,929689149202,14.549672432172727
1,1,373,930441274880,14.561443229166667
1,0,374,931185698860,14.573093494278346
1,1,374,931937749504,14.58486311698718
1,0,375,932682025284,14.596511062762922
1,1,375,934126455808,14.619116458333334
1,0,376,935556556875,14.6414975973276
1,1,376,936309610496,14.653282916666667
1,0,377,937406474529,14.67044888272799
1,1,377,938158336512,14.682215552884616
1,0,378,938902765631,14.69386589842185
1,1,378,939655764480,14.705650360576923
1,0,379,940410058518,14.717455092491738
1,1,379,941509807616,14.734666209935899
1,0,380,942254978075,14.746328157473833
1,1,380,943006496256,14.758089447115385
1,0,381,943756431124,14.769825957845052
1,1,381,944508585984,14.781597211538463
1,0,382,945262982651,14.793403549601237
1,1,382,946362752000,14.810614983974359
1,0,383,947798771415,14.833088745351938
1,1,383,948551418880,14.844867708333334
1,0,384,949643482072,14.861958541040666
1,1,384,950393927168,14.873703036858975
1,0,385,951144823505,14.885454594617013
1,1,385,951896075776,14.89721172275641
1,0,386,952640821745,14.90886702700884
1,1,386,953738857472,14.926051330128205
1,0,387,954490302161,14.937811469617012
1,1,387,955241086976,14.949561282051283
1,0,388,955991016926,14.961297715814053
1,1,388,956743517184,14.973074375000001
1,0,389,957497641144,14.9848764451873
1,1,389,958251456000,14.996673677884615
1,0,390,959347110809,15.013820719541892
1,1,390,960100508160,15.02561141826923
1,0,391,961196650613,15.042766091574645
1,1,391,962295490560,15.059962980769232
1,0,392,963041256825,15.071634252694937
1,1,392,963792452608,15.083390496794872
1,0,393,964537875085,15.095056388424604
1,1,393,965289084416,15.106812844551282
1,0,394,966039387029,15.118555110504934
1,1,394,967137814016,15.135745536858975
1,0,395,967884275847,15.147427694420449
1,1,395,968634648576,15.159171057692308
1,0,396,969723259827,15.17620786738469
1,1,396,970824187392,15.193437427884616
1,0,397,971911391402,15.210452214198968
1,1,397,972661585920,15.22219278846154
1,0,398,973407542228,15.233867034567808
1,1,398,974158771200,15.245623798076924
1,0,399,974903524591,15.25727921848395
1,1,399,976001635840,15.274464703525641
1,0,400,976753015240,15.286223821238982
1,1,400,977503826944,15.29797405448718
1,0,401,978254020294,15.309714610470504
1,1,401,979006173184,15.321485833333334
1,0,402,979750011371,15.333126930761093
1,1,402,980502789120,15.344907932692308
1,0,403,981257177291,15.356714137792343
1,1,403,982356465664,15.373918044871795
1,0,404,983102020031,15.385586000585311
1,1,404,984199248896,15.402757676282052
1,0,405,985289739450,15.419823897141677
1,1,405,986042417664,15.431603341346154
1,0,406,986791533507,15.443327034301758
1,1,406,987890710528,15.46052919871795
1,0,407,988641664665,15.472281661048303
1,1,407,989392770560,15.484036498397437
1,0,408,990143318938,15.495782610583184
1,1,408,990890178560,15.507470993589743
1,0,409,991634143439,15.519114073752379
1,1,409,992387439104,15.530903181089744
1,0,410,993141205431,15.542699654306265
1,1,410,994236954112,15.559848165064103
1,0,411,995329626281,15.576948528285882
1,1,411,996427084288,15.594123790064103
1,0,412,997860475819,15.6165564249518
1,1,412,998611992064,15.628317684294872
1,0,413,999356853440,15.639974794671474
1,1,413,1000103778304,15.651664198717949
1,0,414,1000847763451,15.663307596075596
1,1,414,1001600877568,15.675093862179487
1,0,415,1002350263541,15.686821782680415
1,1,415,1003103519744,15.698610272435898
1,0,416,1004195929575,15.715706530057467
1,1,416,1004941792256,15.727379310897437
1,0,417,1005686965540,15.739041302646735
1,1,417,1006439071744,15.750811794871796
1,0,418,1007532045347,15.767916875547751
1,1,418,1008628374016,15.785074463141026
1,0,419,1009725510903,15.802244699378381
1,1,419,1010476639232,15.813999887820513
1,0,420,1011221722646,15.825660473100712
1,1,420,1012319254016,15.84283688301282
1,0,421,1013066273552,15.854527768679889
1,1,421,1013810655232,15.866177371794873
1,0,422,1014556782170,15.877854288267478
1,1,422,1015307885568,15.889609086538462
1,0,423,1016058086746,15.901349765030298
1,1,423,1017157010432,15.91854796474359
1,0,424,1017903020614,15.930223053980118
1,1,424,1018648930304,15.94189657051282
1,0,425,1019741943652,15.95900227319962
1,1,425,1020839186944,15.976174174679487
1,0,426,1021591832126,15.987953101931842
1,1,426,1022683066368,16.005030961538463
1,0,427,1023436289342,16.016818931258765
1,1,427,1024191544320,16.02863870192308
1,0,428,1024943015959,16.040399263180465
1,1,428,1025694035456,16.052152748397436
1,0,429,1026444428049,16.063896422541692
1,1,429,1027196815360,16.075671314102564
1,0,430,1027941017130,16.08731810161884
1,1,430,1028694120960,16.099104206730768
1,0,431,1029448350467,16.110907928732846
1,1,431,1031236115968,16.13888653044872
1,0,432,1031985000421,16.15060660214155
1,1,432,1033084998144,16.167821610576922
1,0,433,1033830162642,16.17948346482497
1,1,433,1034582081024,16.191251017628204
1,0,434,1035332123603,16.202989214039338
1,1,434,1036084745216,16.2147677724359
1,0,435,1037171962087,16.231782760025418
1,1,435,1037923120128,16.24353841346154
1,0,436,1038668447755,16.25520282068497
1,1,436,1039415060480,16.26688733974359
1,0,437,1040164851485,16.278621599011544
1,1,437,1040917651456,16.29040294871795
1,0,438,1041666603037,16.302124070966673
1,1,438,1042766857216,16.319343092948717
1,0,439,1043516443889,16.331074154412686
1,1,439,1044269430272,16.34285842147436
1,0,440,1045361091566,16.35994296446189
1,1,440,1046112538112,16.371703133012822
1,0,441,1046857121537,16.383355893445138
1,1,441,1047609797120,16.395135296474358
1,0,442,1048701622283,16.412222404018305
1,1,442,1049453229568,16.423985088141027
1,0,443,1050197561113,16.43563390664125
1,1,443,1050949734400,16.447405448717948
1,0,444,1051693734977,16.459049087555716
1,1,444,1052446676480,16.47083265224359
1,0,445,1053200587027,16.482631382508888
1,1,445,1053949545984,16.49435262019231
1,0,446,1054702051352,16.50612935934996
1,1,446,1056140130304,16.528635352564102
1,0,447,1056884566317,16.540285805992713
1,1,447,1057978825216,16.557411001602564
1,0,448,1058728995883,16.56915120259603
1,1,448,1059481729536,16.580931514423078
1,0,449,1060231116062,16.592659443578476
1,1,449,1060979412480,16.604370312500002
1,0,450,1061727520317,16.61607823012132
1,1,450,1062482403840,16.6278921875
1,0,451,1063572812080,16.644957120142227
1,1,451,1064321127424,16.656668285256412
1,0,452,1065074487343,16.66845839817145
1,1,452,1065829164032,16.680269118589745
1,0,453,1066924501256,16.697411190029047
1,1,453,1068370685440,16.72004403044872
1,0,454,1069809416637,16.742560231323242
1,1,454,1070560228864,16.754310472756412
1,0,455,1071310641337,16.76605445802346
1,1,455,1072062793216,16.777825665064103
1,0,456,1072806906325,16.789471065032178
1,1,456,1073901239808,16.806597427884615
1,0,457,1074646096615,16.818254466756187
1,1,457,1075398514176,16.83002983173077
1,0,458,1076142207498,16.841668662015476
1,1,458,1076895556096,16.85345859775641
1,0,459,1077644046078,16.86517249596229
1,1,459,1078398319616,16.876976907051283
1,0,460,1080175541752,16.90479050468249
1,1,460,1080928850944,16.91657982371795
1,0,461,1082020757738,16.933668208790316
1,1,461,1082772443136,16.945432115384616
1,0,462,1083865546725,16.96253923034668
1,1,462,1084616182784,16.97428671474359
1,0,463,1085361918716,16.98595751195663
1,1,463,1086113321472,16.99771699519231
1,0,464,1086857875996,17.009369303322817
1,1,464,1087610476032,17.02114752403846
1,0,465,1088358937365,17.032860973886343
1,1,465,1089113244672,17.04466591346154
1,0,466,1089860546061,17.056361210139347
1,1,466,1090610530304,17.068098493589744
1,0,467,1091700367651,17.08515449173365
1,1,467,1092800174080,17.102366506410256
1,0,468,1093545334805,17.114028301610702
1,1,468,1094638125568,17.131130520833334
1,0,469,1095385689902,17.14282993261093
1,1,469,1096140796928,17.154647387820514
1,0,470,1096887257640,17.166329527869593
1,1,470,1097638091264,17.178080104166668
1,0,471,1098388851490,17.189829531782102
1,1,471,1099487078912,17.2070168349359
1,0,472,1100233687059,17.218701282348633
1,1,472,1100983703040,17.2304390625
1,0,473,1101729729845,17.242114411887144
1,1,473,1102480574464,17.25386516025641
1,0,474,1103569271364,17.270903310359074
1,1,474,1105362685440,17.2989703125
1,0,475,1106111197951,17.310684563285633
1,1,475,1107211551744,17.32790514423077
1,0,476,1107960867802,17.339631970559147
1,1,476,1108713948160,17.351417708333333
1,0,477,1109462798036,17.363137238894733
1,1,477,1110216467456,17.37493219551282
1,0,478,1110970305962,17.386729798333583
1,1,478,1112070633472,17.40394996794872
1,0,479,1112815221914,17.415602806897287
1,1,479,1113567605248,17.427377636217948
1,0,480,1114311740344,17.439023380283455
1,1,480,1115757150208,17.461644102564104
1,0,481,1117534482068,17.48945941738031
1,1,481,1118287631872,17.50124624198718
1,0,482,1119036203389,17.512961416219078
1,1,482,1119790204416,17.5247615625
1,0,483,1120537980543,17.53646428884653
1,1,483,1121293016576,17.548280633012823
1,0,484,1122039688060,17.559966071652145
1,1,484,1123131360768,17.57705079326923
1,0,485,1123878993040,17.588751268279246
1,1,485,1124634302464,17.60057189102564
1,0,486,1125380853635,17.612255446761694
1,1,486,1126131342848,17.62400063301282
1,0,487,1126877271711,17.63567444960374
1,1,487,1128321564672,17.658277692307692
1,0,488,1129070851960,17.670004068384415
1,1,488,1129818848768,17.681710248397437
1,0,489,1130567502984,17.693426716871997
1,1,489,1131321491968,17.705226674679487
1,0,490,1132412841341,17.72230633609087
1,1,490,1133165073408,17.734078798076922
1,0,491,1133909271197,17.74572552329039
1,1,491,1134656928768,17.75742639423077
1,0,492,1135405953458,17.769148660638272
1,1,492,1136159932416,17.78094846153846
1,0,493,1136912880778,17.792732133569963
1,1,493,1137658108928,17.80439498397436
1,0,494,1138408433582,17.816137594870543
1,1,494,1139502243840,17.83325576923077
1,0,495,1140247844544,17.844924450120192
1,1,495,1140994194944,17.856604863782053
1,0,496,1142086500327,17.873699486788237
1,1,496,1142832963584,17.885381666666667
1,0,497,1143925012232,17.902472271759816
1,1,497,1144676767744,17.914237275641025
1,0,498,1145420935200,17.925883526141828
1,1,498,1146174082048,17.93767030448718
1,0,499,1146927680249,17.949464146525067
1,1,499,1147682115072,17.96127108173077
1,0,500,1148429082108,17.972961145770732
1,1,500,1149179407872,17.98470377403846
1,0,501,1150267656462,18.001734908071665
1,1,501,1151017220096,18.01346560897436
1,0,502,1152106757163,18.030516907724234
1,1,502,1152860626944,18.042315000000002
1,0,503,1154294622501,18.064757087918796
1,1,503,1155395295744,18.08198266826923
1,0,504,1156144736255,18.093711442292044
1,1,504,1156897259520,18.105488461538464
1,0,505,1157646354687,18.11721183091384
1,1,505,1158399408640,18.12899715544872
1,0,506,1159148558333,18.14072137815818
1,1,506,1159901423104,18.15250374198718
1,0,507,1160649890548,18.164217287472457
1,1,507,1161749851136,18.18143171474359
1,0,508,1162494344177,18.193083060662687
1,1,508,1163938091008,18.21567775641026
1,0,509,1164692441765,18.22748337597969
1,1,509,1165791108608,18.244677556089744
1,0,510,1166536713642,18.25634630474384
1,1,510,1167287223296,18.268091810897438
1,0,511,1168037930144,18.279840403145034
1,1,511,1168789054464,18.291595528846155
1,0,512,1169539298720,18.30333688151042
1,1,512,1170637306880,18.32052075320513
1,0,513,1171384040602,18.332207165871644
1,1,513,1172134008320,18.34394419070513
1,0,514,1172880697266,18.355629902625452
1,1,514,1173630482944,18.367364078525643
1,0,515,1174719989457,18.384414899104193
1,1,515,1175819800064,18.401626979166668
1,0,516,1176569960356,18.413367017790968
1,1,516,1177322479104,18.425143966346155
1,0,517,1178071651478,18.436868544014175
1,1,517,1178824889344,18.44865674679487
1,0,518,1179916440981,18.46573957364596
1,1,518,1180667402240,18.4774921474359
1,0,519,1181412650160,18.48915530724159
1,1,519,1182163605504,18.50090778846154
1,0,520,1182909030348,18.512573717134917
1,1,520,1183660328960,18.52433157051282
1,0,521,1184405286106,18.535990179693762
1,1,521,1185156961792,18.54775393429487
1,0,522,1185906754002,18.559488212421126
1,1,522,1187351532544,18.58209905448718
1,0,523,1188100321455,18.593817630943885
1,1,523,1189199354880,18.611017548076923
1,0,524,1189945784226,18.622699197246845
1,1,524,1190696123392,18.63444203525641
1,0,525,1191785024184,18.651483376277042
1,1,525,1192539188224,18.66328607371795
1,0,526,1193286673840,18.67498425355569
1,1,526,1194040883712,18.686787668269233
1,0,527,1194793286282,18.698562798634065
1,1,527,1195543072768,18.710296987179486
1,0,528,1196294400392,18.722055294596355
1,1,528,1197391901696,18.73923123397436
1,0,529,1198144474200,18.7510090238131
1,1,529,1199587035648,18.773585168269232
1,0,530,1200332119898,18.785245766632862
1,1,530,1201430265856,18.802431794871797
1,0,531,1202181918764,18.814195192996294
1,1,531,1202932886016,18.825947860576925
1,0,532,1203678156090,18.8376113670936
1,1,532,1204430090240,18.84937916666667
1,0,533,1205179711042,18.861110762250853
1,1,533,1205932618240,18.872893790064104
1,0,534,1206681382198,18.88461197600536
1,1,534,1207781313024,18.9018259375
1,0,535,1208526545451,18.91348885483962
1,1,535,1209278286848,18.925253637820514
1,0,536,1210023281468,18.936912833471055
1,1,536,1210774905856,18.948675785256412
1,0,537,1211868052541,18.965783574672603
1,1,537,1212622752256,18.97759465544872
1,0,538,1213713077034,18.994658281907302
1,1,538,1214464734208,19.00642174679487
1,0,539,1215214224426,19.018151298734224
1,1,539,1215966429184,19.029923333333333
1,0,540,1216715674400,19.041649050981572
1,1,540,1217468298240,19.05342764423077
1,0,541,1218217453086,19.065151947584887
1,1,541,1219316764672,19.082356217948718
1,0,542,1220062065947,19.094020212762295
1,1,542,1220813327360,19.10577748397436
1,0,543,1221558144561,19.117433903010443
1,1,543,1222310041600,19.12920112179487
1,0,544,1223741111620,19.15159742494241
1,1,544,1224839391232,19.168785544871795
1,0,545,1225591669285,19.18055872654059
1,1,545,1226341661184,19.192296129807694
1,0,546,1227430825279,19.209341591530826
1,1,546,1228184801280,19.221141346153846
1,0,547,1228932569651,19.232843951118664
1,1,547,1229687386624,19.24465686698718
1,0,548,1230434530600,19.256349700145233
1,1,548,1231184721408,19.268090216346156
1,0,549,1231936096294,19.279849263415215
1,1,549,1232687543808,19.291609447115384
1,0,550,1233775717182,19.308639404015175
1,1,550,1235564212224,19.336629423076925
1,0,551,1236317541886,19.3484190624687
1,1,551,1237418726912,19.36565265224359
1,0,552,1238510667985,19.38274157378368
1,1,552,1239261250560,19.394488221153846
1,0,553,1240006279152,19.40614794846755
1,1,553,1240757883392,19.4179105849359
1,0,554,1241507890925,19.429648232875728
1,1,554,1242260461568,19.441425993589743
1,0,555,1243004276237,19.45306672295986
1,1,555,1243757151744,19.464849254807692
1,0,556,1244506329351,19.47657391437237
1,1,556,1245605665792,19.49377857371795
1,0,557,1247038675955,19.516205240181165
1,1,557,1248827994624,19.54420814903846
1,0,558,1249919325388,19.56128751921825
1,1,558,1250671182336,19.573054110576923
1,0,559,1251416014311,19.5847107608267
1,1,559,1252167728640,19.59647512019231
1,0,560,1252912932093,19.608137584087665
1,1,560,1253664250368,19.61989574519231
1,0,561,1254409352223,19.631556619074896
1,1,561,1255160830976,19.643317291666666
1,0,562,1255906034491,19.654979756532327
1,1,562,1257004411904,19.672169407051282
1,0,563,1257751426100,19.683860209147134
1,1,563,1258847477248,19.70101345352564
1,0,564,1259939898665,19.718109892468576
1,1,564,1261036620800,19.735273637820512
1,0,565,1261785006634,19.74698590610602
1,1,565,1262539144192,19.758788189102564
1,0,566,1263292201215,19.77057356168307
1,1,566,1264047044096,19.782386883012823
1,0,567,1265142111202,19.799524727094603
1,1,567,1265895795712,19.811319919871796
1,0,568,1266644314838,19.823034274182444
1,1,568,1267398061056,19.834830432692307
1,0,569,1268146164181,19.846538276570637
1,1,569,1268900162560,19.858338381410256
1,0,570,1269648143049,19.870044306030273
1,1,570,1271094637056,19.89268199519231
1,0,571,1271841676204,19.90437318778796
1,1,571,1272591042560,19.916100801282052
1,0,572,1273686212273,19.933240251167494
1,1,572,1274439406592,19.9450277724359
1,0,573,1275187898288,19.956741697465947
1,1,573,1275941628416,19.968537604166666
1,0,574,1276695043715,19.980328583780924
1,1,574,1277444619264,19.992059471153848
1,0,575,1278191766436,20.00375235432943
1,1,575,1278941782528,20.01549013621795
1,0,576,1280031745210,20.032548095859624
1,1,576,1280784449024,20.044327940705127
1,0,577,1281528388565,20.05597062432705
1,1,577,1282281011712,20.06774920673077
1,0,578,1283368000756,20.08476062881861
1,1,578,1284118112256,20.096499903846155
1,0,579,1284864244239,20.108176899273214
1,1,579,1285960856064,20.125338918269232
1,0,580,1286709054728,20.13704825733674
1,1,580,1287463346688,20.14885295673077
1,0,581,1288215672303,20.16062688274677
1,1,581,1288960189440,20.172278605769232
1,0,582,1289706167592,20.183953193734975
1,1,582,1290451845120,20.195623076923077
1,0,583,1291202444870,20.207369993082683
1,1,583,1291954677760,20.219142467948718
1,0,584,1293041647461,20.236153587317833
1,1,584,1294138821120,20.253324399038462
1,0,585,1295572653155,20.275763927831406
1,1,585,1297014623744,20.298330825320512
1,0,586,1298104777563,20.315391776263898
1,1,586,1299203384320,20.332585016025643
1,0,587,1299949772375,20.34426601898976
1,1,587,1300699770880,20.356003525641025
1,0,588,1301445950844,20.367681271972657
1,1,588,1302196464640,20.379426842948718
1,0,589,1302942291091,20.391099056787738
1,1,589,1304038387712,20.408253012820513
1,0,590,1304787432850,20.419975599240036
1,1,590,1305539888128,20.43175155448718
1,0,591,1306632045187,20.448843856216822
1,1,591,1307381951488,20.460579919871794
1,0,592,1308471879591,20.477637338350736
1,1,592,1309570019328,20.49482326923077
1,0,593,1310317769370,20.506525587346005
1,1,593,1311071787008,20.518325993589745
1,0,594,1312162648470,20.53539801917443
1,1,594,1312913689088,20.5471518349359
1,0,595,1313659156151,20.558818424338316
1,1,595,1314409915904,20.57056784455128
1,0,596,1315156090831,20.58224551205366
1,1,596,1315906147328,20.593983926282053
1,0,597,1316652580590,20.60566563673753
1,1,597,1317402636288,20.61740403846154
1,0,598,1319178899465,20.64520262834598
1,1,598,1320278903808,20.662417740384615
1,0,599,1321023970042,20.674078056797125
1,1,599,1322122406912,20.691268637820514
1,0,600,1322869587961,20.702962051172502
1,1,600,1323624395264,20.71477481570513
1,0,601,1324371829994,20.726472199174932
1,1,601,1325126784000,20.738287259615387
1,0,602,1325874132455,20.74998329287798
1,1,602,1326623964672,20.761718197115385
1,0,603,1327370685696,20.773404411057694
1,1,603,1328461230080,20.790471474358974
1,0,604,1329215599104,20.80227737980769
1,1,604,1329969199616,20.81407125801282
1,0,605,1331061035768,20.831158537535057
1,1,605,1332157927424,20.848324935897438
1,0,606,1333250353650,20.86542145010141
1,1,606,1334000522240,20.877161618589746
1,0,607,1334747503871,20.888851911042043
1,1,607,1335843411456,20.906002908653846
1,0,608,1336588080662,20.91765701156225
1,1,608,1337340250624,20.929428501602565
1,0,609,1338085378352,20.941089780398638
1,1,609,1338837267456,20.952856875000002
1,0,610,1339582471759,20.964519352197893
1,1,610,1340334356480,20.976286378205128
1,0,611,1341080148319,20.98795805036496
1,1,611,1341830744576,20.999704911858974
1,0,612,1343263366778,21.022125506716996
1,1,612,1344360289280,21.039292387820513
1,0,613,1345108621165,21.05100381180201
1,1,613,1345862187008,21.062797147435898
1,0,614,1347640565862,21.09062884775015
1,1,614,1348391800832,21.102385705128206
1,0,615,1349141913445,21.114124997574244
1,1,615,1350240066048,21.131311129807692
1,0,616,1350992534601,21.14308729280912
1,1,616,1351741957120,21.15481578525641
1,0,617,1352493808445,21.166582288614908
1,1,617,1353243627520,21.17831698717949
1,0,618,1353989864544,21.189995626502405
1,1,618,1354739762688,21.2017315625
1,0,619,1355829133181,21.2187802543601
1,1,619,1356581812224,21.23055971153846
1,0,620,1357674340474,21.247657822422127
1,1,620,1358424123904,21.259391963141027
1,0,621,1359170988945,21.271080430955156
1,1,621,1359920811520,21.282815184294872
1,0,622,1360667333807,21.294498287995168
1,1,622,1361763386368,21.31165155448718
1,0,623,1362517181334,21.3234484759052
1,1,623,1363271084032,21.335247083333336
1,0,624,1364019283596,21.34695643648588
1,1,624,1364773279744,21.358756506410256
1,0,625,1365520840068,21.37045585543119
1,1,625,1366967833088,21.393101354166667
1,0,626,1367714905184,21.40479306239984
1,1,626,1368815843840,21.42202279647436
1,0,627,1369560410968,21.433675301857974
1,1,627,1370311938048,21.44543673076923
1,0,628,1371399624309,21.462459064331057
1,1,628,1372153979904,21.474264759615384
1,0,629,1372901521268,21.48596381191156
1,1,629,1373655401472,21.497762067307693
1,0,630,1374403296886,21.50946666050055
1,1,630,1375157071872,21.52126326923077
1,0,631,1375910539589,21.533055069188826
1,1,631,1377010590720,21.55027091346154
1,0,632,1377760387117,21.56200525711451
1,1,632,1378858197504,21.579186033653848
1,0,633,1379605005093,21.590873602341873
1,1,633,1380700491776,21.608018012820512
1,0,634,1381449854509,21.61974556961451
1,1,634,1382202080768,21.63151794070513
1,0,635,1383289736009,21.64853978880271
1,1,635,1384039168512,21.6602684375
1,0,636,1384791559751,21.67204339053423
1,1,636,1385541328896,21.68377730769231
1,0,637,1386287736670,21.695458619259565
1,1,637,1387037483008,21.70719217948718
1,0,638,1387789523546,21.71896164403671
1,1,638,1388539323392,21.73069604166667
1,0,639,1389629460346,21.747756728672126
1,1,639,1391074193408,21.77036685897436
1,0,640,1391822997592,21.782085674454127
1,1,640,1392922130944,21.79928715544872
1,0,641,1393668174162,21.81096276169997
1,1,641,1394764611584,21.82812205128205
1,0,642,1395512800854,21.839831243333084
1,1,642,1396266397184,21.851625056089745
1,0,643,1397015085911,21.863342064662834
1,1,643,1397767783424,21.875121810897436
1,0,644,1398517094479,21.886848558928662
1,1,644,1399269367808,21.898621666666667
1,0,645,1400356321125,21.915632529625526
1,1,645,1401105742848,21.927361009615385
1,0,646,1402196077696,21.94442479366987
1,1,646,1403639444480,21.967013541666667
1,0,647,1404731900772,21.98411052640475
1,1,647,1405481568256,21.995842852564103
1,0,648,1406232648808,22.00759729329427
1,1,648,1406983032320,22.019340825320512
1,0,649,1407729001847,22.031015278304665
1,1,649,1408479145984,22.042755064102565
1,0,650,1409225236124,22.054431404684998
1,1,650,1409975122432,22.066167155448717
1,0,651,1411064924105,22.083222595293094
1,1,651,1411817374208,22.09499846955128
1,0,652,1412561622751,22.106645989066884
1,1,652,1413313504768,22.11841297275641
1,0,653,1415092843488,22.14625969501202
1,1,653,1416192688128,22.16347230769231
1,0,654,1417281374938,22.18051029988607
1,1,654,1418035365888,22.192310288461538
1,0,655,1418783096286,22.204012299147386
1,1,655,1419537406464,22.21581728365385
1,0,656,1420628530383,22.232893416701096
1,1,656,1421380174848,22.24465668269231
1,0,657,1422125232110,22.25631685869266
1,1,657,1422876592640,22.268075681089744
1,0,658,1423627162348,22.279822127090846
1,1,658,1424378566144,22.291581626602564
1,0,659,1425123587084,22.30324123416216
1,1,659,1425875317760,22.315005849358975
1,0,660,1427648778535,22.34276058153984
1,1,660,1428398831104,22.354498934294874
1,0,661,1429487749208,22.371540546248998
1,1,661,1430587526656,22.388752107371797
1,0,662,1431332382026,22.400409123754258
1,1,662,1432083842048,22.412169503205128
1,0,663,1432833609301,22.42390339075333
1,1,663,1433585614848,22.435672307692307
1,0,664,1434334936404,22.447399220064604
1,1,664,1435087284224,22.459173493589745
1,0,665,1435830901878,22.47081113966722
1,1,665,1436583022592,22.48258185897436
1,0,666,1437669795740,22.49958990228115
1,1,666,1438765414912,22.51673638621795
1,0,667,1440542997135,22.544555619225136
1,1,667,1441639836672,22.561721201923078
1,0,668,1442392857967,22.57350601535895
1,1,668,1443147006976,22.5853084775641
1,0,669,1443899081811,22.597078478863057
1,1,669,1444648763904,22.608811033653847
1,0,670,1445400091481,22.620569340335162
1,1,670,1446150525440,22.632313661858976
1,0,671,1446895811699,22.64397742167155
1,1,671,1447646873088,22.6557315625
1,0,672,1448740060012,22.672839981658154
1,1,672,1449494181376,22.68464201121795
1,0,673,1450926812268,22.70706274207482
1,1,673,1452021981696,22.7242021875
1,0,674,1453118955853,22.741369877006335
1,1,674,1453869134848,22.753110208333332
1,0,675,1454619979344,22.764860954777646
1,1,675,1455370430464,22.776605544871796
1,0,676,1456116092774,22.788275189897586
1,1,676,1456866097152,22.80001278846154
1,0,677,1457960211553,22.8171357226719
1,1,677,1458712928768,22.82891577724359
1,0,678,1459466202941,22.840704548230296
1,1,678,1460219674624,22.85249641025641
1,0,679,1460973001760,22.864286010116185
1,1,679,1461726868480,22.87608405448718
1,0,680,1462822777081,22.893235067999424
1,1,680,1463574397440,22.90499795673077
1,0,681,1464666806770,22.92209420651167
1,1,681,1465762173440,22.939236738782053
1,0,682,1466516175563,22.95103690221542
1,1,682,1467268795392,22.96281543269231
1,0,683,1468022284207,22.974607562834912
1,1,683,1468775654912,22.986397844551284
1,0,684,1469528265860,22.998176236040166
1,1,684,1470628608512,23.015396642628208
1,0,685,1471377310055,23.02711385177221
1,1,685,1472129510912,23.038885825320513
1,0,686,1472883766858,23.050689961094
1,1,686,1473635847168,23.062460048076925
1,0,687,1474384577854,23.074177713310046
1,1,687,1475829076480,23.096784174679488
1,0,688,1476582321150,23.10857248394306
1,1,688,1477681989632,23.12578233974359
1,0,689,1478431378647,23.13751030785194
1,1,689,1479183229440,23.149276802884614
1,0,690,1479932142554,23.160997323123247
1,1,690,1480684467200,23.17277123397436
1,0,691,1481433435343,23.184492615419046
1,1,691,1482185584640,23.196263782051282
1,0,692,1482939593141,23.208064045300606
1,1,692,1483692450304,23.219846290064105
1,0,693,1484446075019,23.23164054704715
1,1,693,1485545658880,23.24884907852564
1,0,694,1486295855460,23.260589685058594
1,1,694,1487047167488,23.272347748397436
1,0,695,1487796962402,23.284082068841396
1,1,695,1488894514688,23.301258806089745
1,0,696,1489645893437,23.31301791361491
1,1,696,1490396180480,23.324759935897436
1,0,697,1491146443330,23.336501579558544
1,1,697,1491897842176,23.348261001602566
1,0,698,1492647477043,23.359992817304562
1,1,698,1493745134080,23.377171193910257
1,0,699,1494497452552,23.388945008138023
1,1,699,1495251667456,23.400748501602564
1,0,700,1496003745512,23.412518553310296
1,1,700,1496752895488,23.42424278044872
1,0,701,1497504596459,23.436006930761092
1,1,701,1498946532864,23.458573293269232
1,0,702,1500035318996,23.47561283985627
1,1,702,1501133541888,23.492800072115386
1,0,703,1502228537273,23.50993679376064
1,1,703,1502981104128,23.52171449519231
1,0,704,1503735449735,23.533520034164038
1,1,704,1504488290816,23.54530202724359
1,0,705,1505242594146,23.557106904578575
1,1,705,1505995644416,23.56889217147436
1,0,706,1506749126206,23.58068419167543
1,1,706,1507503078400,23.59248357371795
1,0,707,1508250322740,23.604177977576622
1,1,707,1509351402496,23.621409919871795
1,0,708,1510104891379,23.6332020510786
1,1,708,1511205427200,23.650425480769233
1,0,709,1512297976521,23.66752392141489
1,1,709,1513047977472,23.679261466346155
1,0,710,1514137323486,23.696309775108926
1,1,710,1514890549760,23.70809779647436
1,0,711,1515639405266,23.719817415145485
1,1,711,1516392440320,23.73160244391026
1,0,712,1517146165171,23.743398268025718
1,1,712,1517899823104,23.755193044871795
1,0,713,1518647438490,23.766893255615233
1,1,713,1519747543040,23.784109935897437
1,0,714,1520497500535,23.79584680074056
1,1,714,1521249032704,23.80760830929487
1,0,715,1522337026694,23.824635458827874
1,1,715,1524474512384,23.85808719551282
1,0,716,1525222047034,23.869786142734625
1,1,716,1525976114176,23.881587323717948
1,0,717,1527066591787,23.898653342019106
1,1,717,1527818691072,23.91042372596154
1,0,718,1528562792769,23.922068947331354
1,1,718,1529314962432,23.933840432692307
1,0,719,1530064360507,23.94556854259002
1,1,719,1530816812544,23.957344447115386
1,0,720,1531566202666,23.969072432548327
1,1,720,1532665185792,23.9862715625
1,0,721,1533415739908,23.998017764485677
1,1,721,1534513120256,24.015191810897438
1,0,722,1536637451988,24.04843768761268
1,1,722,1537388324352,24.06018887019231
1,0,723,1538476980217,24.077226378095578
1,1,723,1539230914560,24.08902548076923
1,0,724,1539979644130,24.10074312853691
1,1,724,1540732136960,24.11251967147436
1,0,725,1541476434431,24.12416795671512
1,1,725,1542228000256,24.13592999198718
1,0,726,1542972993303,24.147589163020207
1,1,726,1543724065280,24.15934346955128
1,0,727,1544812600875,24.176379095224235
1,1,727,1545566343680,24.188175200320515
1,0,728,1547001534742,24.210635997940454
1,1,728,1548447216128,24.23326096955128
1,0,729,1549887025595,24.255794045394506
1,1,729,1550987950592,24.273023565705127
1,0,730,1551732191416,24.28467096441807
1,1,730,1552483864064,24.29643467147436
1,0,731,1553228446158,24.308087411076475
1,1,731,1553979981824,24.319848974358976
1,0,732,1554725138140,24.331510700558393
1,1,732,1555822442496,24.348683557692308
1,0,733,1556570342357,24.360388220480896
1,1,733,1557324242944,24.372186794871794
1,0,734,1558077306032,24.38397226236979
1,1,734,1558831210496,24.3957708974359
1,0,735,1559922355113,24.412847354407678
1,1,735,1561365488128,24.43543244391026
1,0,736,1562796489365,24.457827670601088
1,1,736,1563894203904,24.475006947115386
1,0,737,1564646103912,24.486774212364786
1,1,737,1565396239360,24.49851386217949
1,0,738,1566142154882,24.510187469983222
1,1,738,1567238841856,24.5273506650641
1,0,739,1567986817402,24.53905651232597
1,1,739,1568740470784,24.55085121794872
1,0,740,1569493957192,24.562643310421674
1,1,740,1570247564288,24.57443729166667
1,0,741,1570996062529,24.586151319126227
1,1,741,1572095602176,24.60335915865385
1,0,742,1573189556760,24.620479591721754
1,1,742,1573943369728,24.632276794871796
1,0,743,1575039253737,24.649427423518254
1,1,743,1576483006464,24.67202221153846
1,0,744,1577237275041,24.683826544987607
1,1,744,1578336384512,24.70102765224359
1,0,745,1579081869970,24.712694529528495
1,1,745,1579832766464,24.72444608974359
1,0,746,1580577727403,24.736104758285133
1,1,746,1581675049984,24.753277900641027
1,0,747,1582427688062,24.765056716715495
1,1,747,1583182048768,24.77686249198718
1,0,748,1583934516056,24.788638635191308
1,1,748,1584689055744,24.80044721153846
1,0,749,1585441116720,24.812216995943512
1,1,749,1587228963840,24.840196875
1,0,750,1588669274849,24.862737799995617
1,1,750,1589768389632,24.879938990384616
1,0,751,1590862594493,24.897063340297603
1,1,751,1591615905792,24.908852692307693
1,0,752,1592369328781,24.92064379227076
1,1,752,1593123148800,24.932441105769232
1,0,753,1593876187491,24.9442261914532
1,1,753,1594630183424,24.95602625801282
1,0,754,1595382777410,24.967804384045724
1,1,754,1596136829440,24.979605328525643
1,0,755,1597227904309,24.996680693938426
1,1,755,1597978649600,25.008429887820512
1,0,756,1599753411661,25.036204985179413
1,1,756,1600507033600,25.04799919871795
1,0,757,1601260540696,25.059791614958936
1,1,757,1602359582720,25.076991666666668
1,0,758,1603105054231,25.088658325680463
1,1,758,1603855379968,25.100400953525643
1,0,759,1604606053137,25.11214901869554
1,1,759,1605356832768,25.123898750000002
1,0,760,1606106864654,25.135636779065255
1,1,760,1607204150272,25.152809342948718
1,0,761,1607956395751,25.16458201483311
1,1,761,1608710799360,25.176388461538462
1,0,762,1609457831899,25.188079550703
1,1,762,1610212191232,25.19988530448718
1,0,763,1611307501748,25.21702695794521
1,1,763,1613442896896,25.2504459775641
1,0,764,1614540356425,25.267621263161683
1,1,764,1615290347008,25.279358645833334
1,0,765,1616041737278,25.291117933662612
1,1,765,1616791693824,25.302854783653846
1,0,766,1617542702907,25.314608105891303
1,1,766,1618293334528,25.326355520833335
1,0,767,1619038359124,25.338015185609475
1,1,767,1619790007808,25.349778517628206
1,0,768,1620882855765,25.36688163193923
1,1,768,1621632924160,25.378620232371794
1,0,769,1622379412576,25.390302805989585
1,1,769,1623128996352,25.402033822115385
1,0,770,1624904825716,25.429825622808995
1,1,770,1625657876480,25.441610897435897
1,0,771,1626749651561,25.458697221194537
1,1,771,1627499905024,25.470438717948717
1,0,772,1628245847429,25.48211274647248
1,1,772,1628996030464,25.493853141025642
1,0,773,1629747335804,25.505611099697017
1,1,773,1630498002432,25.517359062500002
1,0,774,1631248687475,25.529107313498475
1,1,774,1632000099328,25.540866939102564
1,0,775,1633088159882,25.557895130364834
1,1,775,1633842708480,25.569703846153846
1,0,776,1634595392348,25.58148337884365
1,1,776,1635695069696,25.598693373397438
1,0,777,1636439839317,25.610349047804615
1,1,777,1637536368128,25.627509767628204
1,0,778,1638628014401,25.644594075536485
1,1,778,1639724137472,25.66174844551282
1,0,779,1640477934625,25.673545401157476
1,1,779,1641230950400,25.68533012820513
1,0,780,1641985005300,25.697131117600662
1,1,780,1642738260480,25.708919591346156
1,0,781,1643492241867,25.720719430260292
1,1,781,1644245745664,25.732511794871794
1,0,782,1644999207071,25.7443034960781
1,1,782,1645753463296,25.756107636217948
1,0,783,1646501068194,25.76780768282377
1,1,783,1647601345536,25.78502706730769
1,0,784,1649375486100,25.81279243821364
1,1,784,1650470977536,25.829936923076925
1,0,785,1651220254078,25.841663130978315
1,1,785,1651972571136,25.853436923076924
1,0,786,1652727262806,25.86524787794847
1,1,786,1653479817728,25.877025392628205
1,0,787,1654228988755,25.888749949215622
1,1,787,1654981239296,25.900522700320515
1,0,788,1655725395044,25.912168767590646
1,1,788,1656823933440,25.9293609375
1,0,789,1657570647384,25.941047040640026
1,1,789,1658320161792,25.952776971153845
1,0,790,1659067234414,25.96446868761894
1,1,790,1660168121344,25.981697612179488
1,0,791,1661598990174,26.004090766695462
1,1,791,1662351095296,26.01586124198718
1,0,792,1663438352504,26.032876860852365
1,1,792,1664188174848,26.044611610576922
1,0,793,1664934279059,26.05628817137107
1,1,793,1665684661760,26.06803169070513
1,0,794,1666430096043,26.079697767099233
1,1,794,1667181343744,26.09145482371795
1,0,795,1667931497891,26.103194766172752
1,1,795,1668683390976,26.114961923076923
1,0,796,1669432659617,26.12668800732735
1,1,796,1670530847744,26.14387469551282
1,0,797,1671968469370,26.16637353155674
1,1,797,1672719270912,26.178123605769233
1,0,798,1673812676721,26.195235450486404
1,1,798,1674567001088,26.207040657051284
1,0,799,1675319640395,26.21881949235965
1,1,799,1676073887232,26.230623485576924
1,0,800,1676826123811,26.242396018175956
1,1,800,1677921596416,26.259540208333334
1,0,801,1678675873533,26.27134467543382
1,1,801,1679428549120,26.283124078525642
1,0,802,1680182583767,26.294924750960913
1,1,802,1680935617024,26.306709751602565
1,0,803,1681684445898,26.31842895348182
1,1,803,1682437301760,26.330211177884618
1,0,804,1683186084808,26.341929662585137
1,1,804,1684631476736,26.364550104166668
1,0,805,1686070744692,26.387074705341046
1,1,805,1686825459712,26.398886025641026
1,0,806,1687920670025,26.416026110918093
1,1,806,1688673352192,26.42780561698718
1,0,807,1689422501952,26.439529840745195
1,1,807,1690175112704,26.451308229166667
1,0,808,1690919070036,26.46295119121845
1,1,808,1691671264256,26.474723060897436
1,0,809,1692415612522,26.486372141081983
1,1,809,1693167482368,26.49813893429487
1,0,810,1694255000453,26.51515863589556
1,1,810,1695004377600,26.526886418269232
1,0,811,1695751724695,26.53858243024777
1,1,811,1696506158080,26.55038934294872
1,0,812,1698627111295,26.583582345737558
1,1,812,1699726204416,26.600783197115387
1,0,813,1700477201484,26.61253633131761
1,1,813,1701227606016,26.624280192307694
1,0,814,1701973653854,26.63595587086213
1,1,814,1702723907584,26.647697371794873
1,0,815,1703470561904,26.659382541816907
1,1,815,1704566342144,26.676531546474358
1,0,816,1705315639147,26.68825807459122
1,1,816,1706068153856,26.7000349599359
1,0,817,1706817389657,26.711760530239008
1,1,817,1707570071040,26.723540024038464
1,0,818,1709000098153,26.745920005649666
1,1,818,1711137767424,26.779374615384615
1,0,819,1712229111311,26.79645419093988
1,1,819,1712980174336,26.808208357371797
1,0,820,1713725672742,26.81987543729342
1,1,820,1714476173312,26.831620801282053
1,0,821,1715227180580,26.843374095114683
1,1,821,1715977765888,26.85512078525641
1,0,822,1716723324726,26.866788810941255
1,1,822,1717473906688,26.87853544871795
1,0,823,1718225178156,26.890292877291166
1,1,823,1718975513088,26.902035649038464
1,0,824,1719726230820,26.913784411621094
1,1,824,1721515460096,26.94178592147436
1,0,825,1722267350490,26.953553036264275
1,1,825,1723363598848,26.97070936698718
1,0,826,1724111852236,26.982419562487483
1,1,826,1725212079104,26.999638157051283
1,0,827,1725962121635,27.011376352711213
1,1,827,1726714244096,27.023147099358976
1,0,828,1727463675537,27.034875731435925
1,1,828,1728216213504,27.04665298076923
1,0,829,1728965400967,27.058377794580704
1,1,829,1729718075904,27.0701571875
1,0,830,1730467187328,27.081880811298078
1,1,830,1731220273152,27.093666634615385
1,0,831,1732312222570,27.11075568675506
1,1,831,1733754917888,27.133333926282052
1,0,832,1734500736093,27.14500601107084
1,1,832,1736289797120,27.173004887820515
1,0,833,1737037655845,27.18470890682905
1,1,833,1738137860608,27.20192715544872
1,0,834,1738882970653,27.213588157505136
1,1,834,1739634177024,27.225344567307694
1,0,835,1740379862319,27.237014572049656
1,1,835,1741130224128,27.24875776442308
1,0,836,1741876602442,27.260438614940156
1,1,836,1742626538496,27.27217514423077
1,0,837,1743373218130,27.28386071041792
1,1,837,1744469384704,27.30101576121795
1,0,838,1745556403305,27.318027645874025
1,1,838,1746652728832,27.335185184294872
1,0,839,1747740046701,27.35220175250714
1,1,839,1748489954304,27.36393783653846
1,0,840,1749236579460,27.37562255014273
1,1,840,1749986505728,27.38735892628205
1,0,841,1750732597147,27.399035286880885
1,1,841,1751483115008,27.41078092147436
1,0,842,1752229124780,27.42245600429437
1,1,842,1752979766784,27.43420358173077
1,0,843,1754069055943,27.451251000710513
1,1,843,1754822140928,27.463036810897435
1,0,844,1755571042488,27.474757150315504
1,1,844,1757016236544,27.497374495192307
1,0,845,1758450654089,27.51982318724021
1,1,845,1759204861952,27.53162657051282
1,0,846,1759952538750,27.54332774235652
1,1,846,1760706655744,27.55512970352564
1,0,847,1761797742960,27.572205262169472
1,1,847,1762548800512,27.58395934294872
1,0,848,1763294476938,27.595629208890475
1,1,848,1764044670976,27.607369775641025
1,0,849,1764791130522,27.61905189744216
1,1,849,1765540608000,27.630781250000002
1,0,850,1766630729382,27.647841693303036
1,1,850,1767382219776,27.659602548076926
1,0,851,1768813445062,27.68200128114358
1,1,851,1769910300160,27.699167107371796
1,0,852,1771001989810,27.71625209413186
1,1,852,1771752133120,27.727991866987182
1,0,853,1772498387906,27.73967078428611
1,1,853,1773249071104,27.751419006410256
1,0,854,1773994926297,27.763091670062725
1,1,854,1774746108928,27.774847708333333
1,0,855,1775834540531,27.79188170652732
1,1,855,1776589366272,27.803694759615386
1,0,856,1777341776074,27.81547000316131
1,1,856,1778091514368,27.8272034375
1,0,857,1778843106249,27.838965880549505
1,1,857,1779593843712,27.850714951923077
1,0,858,1780344928953,27.862469466036284
1,1,858,1781788529152,27.88506186698718
1,0,859,1782875980206,27.90208051955003
1,1,859,1783626201088,27.913821506410258
1,0,860,1784372021440,27.92549362479968
1,1,860,1785122924544,27.93724528846154
1,0,861,1785868233193,27.948909398678513
1,1,861,1786619332096,27.960664126602566
1,0,862,1787364570875,27.972327143351237
1,1,862,1788116129280,27.9840890625
1,0,863,1789208945133,28.001191674382138
1,1,863,1789959467008,28.012937371794873
1,0,864,1790709911272,28.024681854592348
1,1,864,1791461611520,28.036445993589744
1,0,865,1792554329062,28.05354706690079
1,1,865,1793650019328,28.070694663461538
1,0,866,1794399209682,28.082419522517277
1,1,866,1795498120192,28.099617516025642
1,0,867,1796244647895,28.111300704486553
1,1,867,1797340655616,28.12845326923077
1,0,868,1798094986397,28.140258576175007
1,1,868,1798847981056,28.152042972756412
1,0,869,1799601880949,28.163841536286185
1,1,869,1800355301888,28.17563260416667
1,0,870,1801103818342,28.187346916660406
1,1,870,1801857063936,28.199135240384617
1,0,871,1802605514593,28.21084852315267
1,1,871,1803359025664,28.222641001602565
1,0,872,1805141161021,28.25053149133927
1,1,872,1805893321728,28.262302836538463
1,0,873,1806985145134,28.279389916585288
1,1,873,1807735541760,28.291133653846156
1,0,874,1808481598028,28.30280946433043
1,1,874,1809577902592,28.31996667467949
1,0,875,1810327137592,28.331692232446915
1,1,875,1811079466496,28.343466209935897
1,0,876,1811824144968,28.355120457857574
1,1,876,1812575442944,28.366878301282053
1,0,877,1813320715614,28.378541848426234
1,1,877,1814071316992,28.390288790064105
1,0,878,1814817652847,28.40196897609613
1,1,878,1815913469440,28.41911854967949
1,0,879,1817343740285,28.441502345706255
1,1,879,1818096147968,28.453277556089745
1,0,880,1818840625806,28.46492866408128
1,1,880,1819592243712,28.476691514423077
1,0,881,1820680865187,28.49372848412147
1,1,881,1821434740736,28.50552666666667
1,0,882,1822183168153,28.51723958572779
1,1,882,1822936418304,28.529027980769232
1,0,883,1823685051273,28.54074411672739
1,1,883,1824438544896,28.552536322115387
1,0,884,1825186883701,28.56424785439516
1,1,884,1826286682624,28.581459751602566
1,0,885,1827036771664,28.59319867513021
1,1,885,1827788457472,28.604962588141028
1,0,886,1829224434249,28.627435682232196
1,1,886,1829976999424,28.639213357371794
1,0,887,1830731188501,28.651016446642753
1,1,887,1831483961344,28.662797371794873
1,0,888,1832238207983,28.67460136191344
1,1,888,1833336902656,28.691795977564105
1,0,889,1834083323093,28.70347748730782
1,1,889,1834832643584,28.71520438301282
1,0,890,1835584550872,28.726971762194513
1,1,890,1836334256640,28.7387046875
1,0,891,1837085803212,28.75046642146184
1,1,891,1837836006400,28.762207131410257
1,0,892,1838586891209,28.77395850875463
1,1,892,1839337792512,28.78571014423077
1,0,893,1841112101072,28.81347814428085
1,1,893,1842207976960,28.830628645833333
1,0,894,1842962198448,28.84243224233774
1,1,894,1843715369984,28.854219407051282
1,0,895,1844468822151,28.866010963651217
1,1,895,1845222850560,28.87781153846154
1,0,896,1846318392149,28.89495680822128
1,1,896,1847070647296,28.906729631410258
1,0,897,1847820079695,28.918458278479942
1,1,897,1848572352000,28.93023137019231
1,0,898,1849316844899,28.941882713889097
1,1,898,1850069061632,28.953654935897436
1,0,899,1850812974716,28.965297205466246
1,1,899,1851911330304,28.982486514423076
1,0,900,1854029952349,29.01564303430802
1,1,900,1854781042176,29.027397620192307
1,0,901,1855874224233,29.044505963181717
1,1,901,1856628577792,29.056311626602565
1,0,902,1857718711125,29.07337225693923
1,1,902,1858470744064,29.085141602564104
1,0,903,1859214964848,29.096788687650243
1,1,903,1859966834176,29.10855547275641
1,0,904,1860716900197,29.120294036035784
1,1,904,1861468410368,29.132055200320515
1,0,905,1862213127795,29.1437100578895
1,1,905,1862964586496,29.155470416666667
1,0,906,1864057888616,29.172580638646835
1,1,906,1865505024000,29.195228365384615
1,0,907,1866595081271,29.212287805347934
1,1,907,1867347369472,29.224061145833335
1,0,908,1868096576813,29.235786270736305
1,1,908,1869195416576,29.252983157051283
1,0,909,1869941605923,29.26466105022724
1,1,909,1870692169216,29.276407395833335
1,0,910,1871438371128,29.288085485652044
1,1,910,1872188678656,29.299827828525643
1,0,911,1872934627920,29.31150196439303
1,1,911,1873684593152,29.323238950320512
1,0,912,1874431240034,29.33492400393755
1,1,912,1875180498944,29.346649935897435
1,0,913,1876270719606,29.36371193293645
1,1,913,1877368581632,29.380893517628206
1,0,914,1878120738645,29.392664805016153
1,1,914,1879215972864,29.409805264423078
1,0,915,1880308515900,29.426903606708233
1,1,915,1881058235392,29.438636746794874
1,0,916,1881809948471,29.45040108659793
1,1,916,1882560356864,29.462145008012822
1,0,917,1883305877067,29.47381242905837
1,1,917,1884056850432,29.485565192307693
1,0,918,1885150981958,29.50268839452499
1,1,918,1885904639488,29.514483165064103
1,0,919,1886658079773,29.52627453571026
1,1,919,1887411817472,29.538070560897438
1,0,920,1888159655187,29.549774251098633
1,1,920,1888913746432,29.561575809294872
1,0,921,1890004497406,29.57864610573793
1,1,921,1890756442624,29.59041407852564
1,0,922,1891844150045,29.607436743242314
1,1,922,1892598319616,29.61923952724359
1,0,923,1893689372681,29.636314551422902
1,1,923,1894440520192,29.648070040064102
1,0,924,1895186467105,29.659744139138247
1,1,924,1895936751104,29.671486113782052
1,0,925,1896682859070,29.683162733342098
1,1,925,1897432687616,29.694897580128206
1,0,926,1898178554195,29.70657042197203
1,1,926,1898928412672,29.718305737179488
1,0,927,1899674808944,29.729986868739985
1,1,927,1901462383616,29.75796248397436
1,0,928,1902549135199,29.774970189788036
1,1,928,1903991049728,29.7975362099359
1,0,929,1904737768020,29.809222381122296
1,1,929,1905833538048,29.82637122596154
1,0,930,1906577656681,29.838016712380433
1,1,930,1907329713152,29.84978642628205
1,0,931,1908073940100,29.861433607835036
1,1,931,1908825639424,29.873197732371796
1,0,932,1909575419257,29.8849318167975
1,1,932,1910326890496,29.896692371794874
1,0,933,1911071635597,29.90834766246307
1,1,933,1912168618496,29.925515488782054
1,0,934,1912921960289,29.937305318024464
1,1,934,1914021158400,29.9545078125
1,0,935,1915109614676,29.971542196827425
1,1,935,1916555161088,29.994165056089745
1,0,936,1917308122366,30.005948930257162
1,1,936,1918062140928,30.01774935096154
1,0,937,1918814749155,30.029527699866662
1,1,937,1919915327488,30.046751794871795
1,0,938,1920664826551,30.058481485235752
1,1,938,1921416702976,30.070248381410256
1,0,939,1922166187445,30.08197784337753
1,1,939,1922917976064,30.093743365384615
1,0,940,1923667549358,30.105474217466696
1,1,940,1924419442176,30.117241370192307
1,0,941,1925168966052,30.12897144888071
1,1,941,1926958689280,30.156980689102564
1,0,942,1927710685784,30.16874946451823
1,1,942,1928806082048,30.1858924599359
1,0,943,1929549947755,30.19753398805276
1,1,943,1930994263552,30.220137588141025
1,0,944,1932081831004,30.23715806233724
1,1,944,1932836188160,30.248963782051284
1,0,945,1933584129365,30.260669091875126
1,1,945,1934337912320,30.272465825320513
1,0,946,1935086178378,30.284176219106822
1,1,946,1935839523840,30.29596610576923
1,0,947,1936931472688,30.313055148988383
1,1,947,1937682112512,30.324802692307692
1,0,948,1938770872399,30.34184182815943
1,1,948,1939524251136,30.353632235576924
1,0,949,1940959895861,30.376100133040993
1,1,949,1941712691200,30.387881410256412
1,0,950,1942461686833,30.3996032219207
1,1,950,1943214169600,30.411379607371796
1,0,951,1944301664584,30.428398947440908
1,1,951,1945051040256,30.44012670673077
1,0,952,1945798064738,30.451817669802935
1,1,952,1946552650240,30.463626963141028
1,0,953,1947300240721,30.475326784120217
1,1,953,1948054136832,30.487125288461538
1,0,954,1948802670151,30.498839864893206
1,1,954,1949555581952,30.51062296474359
1,0,955,1950991068982,30.53308839427459
1,1,955,1951744548864,30.544880384615386
1,0,956,1952841283594,30.56204432707958
1,1,956,1953592525824,30.573801298076923
1,0,957,1954681443615,30.59084290513259
1,1,957,1955435037696,30.60263668269231
1,0,958,1956183483936,30.614349896334137
1,1,958,1956937439232,30.626149326923077
1,0,959,1957690282730,30.637931357828776
1,1,959,1958445125120,30.64974467147436
1,0,960,1959191647720,30.66142778007312
1,1,960,1959941744128,30.673166818910257
1,0,961,1961030912255,30.690212343734352
1,1,961,1961779509760,30.701927924679488
1,0,962,1962875621884,30.719082123334836
1,1,962,1963974641152,30.736281818910257
1,0,963,1965069490890,30.75341626117413
1,1,963,1965822725632,30.765204415064105
1,0,964,1966576352674,30.776998708464795
1,1,964,1967329952768,30.788792580128206
1,0,965,1968078388373,30.800505627331855
1,1,965,1968831675392,30.812294599358975
1,0,966,1969923665284,30.82938428491837
1,1,966,1970674184192,30.84112993589744
1,0,967,1971420799646,30.852814497665015
1,1,967,1972170478592,30.86454700320513
1,0,968,1972922446750,30.876315335004758
1,1,968,1973672338432,30.888051169871797
1,0,969,1974423664280,30.899809449494192
1,1,969,1975520641536,30.916977187500002
1,0,970,1976268567936,30.928682265625
1,1,970,1977023071744,30.940490280448717
1,0,971,1978113336437,30.957552966574646
1,1,971,1978865875968,30.969330240384615
1,0,972,1979614851959,30.981051744650816
1,1,972,1980367520768,30.99283104166667
1,0,973,1981116111980,31.004546524126102
1,1,973,1981869451264,31.016336314102563
1,0,974,1982617843042,31.02804867541191
1,1,974,1983371315200,31.039840544871797
1,0,975,1984463140441,31.056927653636443
1,1,975,1985214112768,31.068680400641025
1,0,976,1985959514478,31.08034596726638
1,1,976,1987056603648,31.097515456730772
1,0,977,1987804516453,31.109220322093474
1,1,977,1988904792576,31.1264396875
1,0,978,1989993336660,31.143475446026144
1,1,978,1990747151872,31.15527268429487
1,0,979,1991495619653,31.166986235054214
1,1,979,1992249523200,31.17878485576923
1,0,980,1992997610294,31.19049244876177
1,1,980,1993751902720,31.20229715544872
1,0,981,1994499525685,31.213997484803812
1,1,981,1995254323200,31.225810096153847
1,0,982,1996344446251,31.242870565576798
1,1,982,1997092281344,31.25457421474359
1,0,983,1997840226380,31.26627958452274
1,1,983,1999633609216,31.29434609775641
1,0,984,2001068606716,31.316803866123298
1,1,984,2002169301504,31.334029783653847
1,0,985,2002918675928,31.345757523412463
1,1,985,2003671809024,31.35754408653846
1,0,986,2004425398944,31.369337798978368
1,1,986,2005180294144,31.381151939102566
1,0,987,2005927306650,31.39284271474985
1,1,987,2006677582336,31.40458455929487
1,0,988,2007423896243,31.41626440183982
1,1,988,2008520719360,31.433429727564103
1,0,989,2009274176395,31.445221360348434
1,1,989,2010028890112,31.45703266025641
1,0,990,2011462299263,31.479465570897812
1,1,990,2012559872512,31.49664263621795
1,0,991,2013312800593,31.508425990850988
1,1,991,2014409264128,31.525585689102567
1,0,992,2015162768935,31.53737806952061
1,1,992,2015917607936,31.549191330128206
1,0,993,2016664174879,31.56087513269669
1,1,993,2017414793216,31.572622339743592
1,0,994,2018164933666,31.584362067839795
1,1,994,2018917592576,31.596141209935897
1,0,995,2019671734524,31.60794356163612
1,1,995,2020425751552,31.619743958333334
1,0,996,2021173134833,31.631440536624226
1,1,996,2022269591040,31.64860012019231
1,0,997,2023708333266,31.671116493671125
1,1,997,2025497058816,31.69911012019231
1,0,998,2026592345485,31.716251400443834
1,1,998,2027345536000,31.72803886217949
1,0,999,2028094108812,31.739754056678187
1,1,999,2028847517184,31.751544927884616
1,0,1000,2029596026751,31.76325913259653
1,1,1000,2030349256704,31.775047211538464
1,0,1001,2031097583732,31.786758559507714
1,1,1001,2032197127168,31.803966458333335
1,0,1002,2032947624270,31.815711768047628
1,1,1002,2033698994688,31.827470745192308
1,0,1003,2034448671301,31.83920321422088
1,1,1003,2035546991104,31.856391963141025
1,0,1004,2036979031350,31.878803450364334
1,1,1004,2038075561472,31.89596419070513
1,0,1005,2038828936733,31.907754543723083
1,1,1005,2039582829568,31.919552996794874
1,0,1006,2040673320721,31.93661922702887
1,1,1006,2041425389056,31.948389126602564
1,0,1007,2042169458731,31.9600338468268
1,1,1007,2042921645056,31.97180559294872
1,0,1008,2043665676616,31.983449716671675
1,1,1008,2044418053632,31.995224447115387
1,0,1009,2045167327803,32.00695061791053
1,1,1009,2046265817088,32.02414201923077
1,0,1010,2048041934634,32.051938329984225
1,1,1010,2049141634048,32.069148669871794
1,0,1011,2050235258377,32.08626393443572
1,1,1011,2050989874176,32.09807370192308
1,0,1012,2051737147646,32.109768561667416
1,1,1012,2052838001664,32.126996971153844
1,0,1013,2053581855728,32.13863831705729
1,1,1013,2054334738432,32.150420961538465
1,0,1014,2055088831688,32.16222255120693
1,1,1014,2055842526720,32.174017908653845
1,0,1015,2056596037541,32.18581038319123
1,1,1015,2057345172480,32.197534375000004
1,0,1016,2058435229888,32.21459381710737
1,1,1016,2059530281984,32.23173142628205
1,0,1017,2060617669590,32.24874908588116
1,1,1017,2061368215552,32.26049516025641
1,0,1018,2062457455331,32.27754180643718
1,1,1018,2063211450880,32.28934186698718
1,0,1019,2064307768772,32.306499285919976
1,1,1019,2065059902464,32.31827020833333
1,0,1020,2065804147921,32.32991767955291
1,1,1020,2066556317184,32.34168915865385
1,0,1021,2067300924397,32.353342291369316
1,1,1021,2068052796928,32.36510912660256
1,0,1022,2068802427096,32.37684086876502
1,1,1022,2069555512320,32.38862668269231
1,0,1023,2070646897118,32.40570689850636
